Date,Plot,Trt,TrtName,NewTrt,Comb.TRT,VWC,Notes,
5/2/21,2,3,amb,amb,amb,45.3,,
5/2/21,3,1,drought w/ deluge,dry w/ deluge,dry w/ deluge,42.5,,
5/2/21,4,2,amb w/ deluge,amb w/ deluge,amb,40.4,,
5/2/21,5,1,drought w/ deluge,dry w/ deluge,dry w/ deluge,35.1,,
5/2/21,6,3,amb,amb,amb,42.1,,
5/2/21,9,3,amb,amb,amb,41.2,,
5/2/21,10,2,amb w/ deluge,amb w/ deluge,amb,38.6,,
5/2/21,11,2,amb w/ deluge,amb w/ deluge,amb,37.9,,
5/2/21,12,4,amb,amb,amb,42.5,,
5/2/21,13,2,amb w/ deluge,amb w/ deluge,amb,41.1,,
5/2/21,14,1,drought w/ deluge,dry w/ deluge,dry w/ deluge,45.3,,
5/2/21,15,1,drought w/ deluge,dry w/ deluge,dry w/ deluge,44.4,,
5/2/21,16,2,amb w/ deluge,amb w/ deluge,amb,41.8,,
5/2/21,18,3,amb,amb,amb,41.5,,
5/2/21,19,1,drought w/ deluge,dry w/ deluge,dry w/ deluge,41.6,,
5/2/21,20,2,amb w/ deluge,amb w/ deluge,amb,40.5,,
5/2/21,21,4,amb,amb,amb,41.9,,
5/2/21,22,1,drought w/ deluge,dry w/ deluge,dry w/ deluge,44.9,,
5/2/21,23,4,amb,amb,amb,44.3,,
5/2/21,24,2,amb w/ deluge,amb w/ deluge,amb,44.8,,
5/2/21,26,4,amb,amb,amb,48.3,,
5/2/21,28,3,amb,amb,amb,45.1,,
5/2/21,29,4,amb,amb,amb,46.8,,
5/2/21,30,2,amb w/ deluge,amb w/ deluge,amb,41.1,,
5/2/21,31,3,amb,amb,amb,38.3,,
5/2/21,32,4,amb,amb,amb,36.4,,
5/2/21,33,1,drought w/ deluge,dry w/ deluge,dry w/ deluge,37.2,,
5/2/21,34,3,amb,amb,amb,38.8,,
5/2/21,35,4,amb,amb,amb,37.9,,
5/2/21,37,2,amb w/ deluge,amb w/ deluge,amb,NA,,
5/2/21,38,1,drought w/ deluge,dry w/ deluge,dry w/ deluge,39.9,,
5/2/21,39,3,amb,amb,amb,41.6,,
5/2/21,41,1,drought w/ deluge,dry w/ deluge,dry w/ deluge,44.4,,
5/2/21,42,3,amb,amb,amb,34.3,,
5/2/21,43,3,amb,amb,amb,37.5,,
5/2/21,44,2,amb w/ deluge,amb w/ deluge,amb,36.1,,
5/2/21,45,4,amb,amb,amb,31.5,,
5/2/21,47,4,amb,amb,amb,33.9,,
5/2/21,49,1,drought w/ deluge,dry w/ deluge,dry w/ deluge,37.2,,
5/2/21,50,4,amb,amb,amb,32.9,,
5/7/21,2,3,amb,amb,amb,45.7,,
5/7/21,3,1,drought w/ deluge,dry w/ deluge,dry w/ deluge,43.1,,
5/7/21,4,2,amb w/ deluge,amb w/ deluge,amb,23.8,Extreme outlier by date-trt groupings. Not that extreme compared to group so will leave in.,
5/7/21,5,1,drought w/ deluge,dry w/ deluge,dry w/ deluge,39.7,,
5/7/21,6,3,amb,amb,amb,43.1,,
5/7/21,9,3,amb,amb,amb,42.6,,
5/7/21,10,2,amb w/ deluge,amb w/ deluge,amb,45.5,,
5/7/21,11,2,amb w/ deluge,amb w/ deluge,amb,43.9,,
5/7/21,12,4,amb,amb,amb,44.1,,
5/7/21,13,2,amb w/ deluge,amb w/ deluge,amb,44.2,,
5/7/21,14,1,drought w/ deluge,dry w/ deluge,dry w/ deluge,45.8,,
5/7/21,15,1,drought w/ deluge,dry w/ deluge,dry w/ deluge,44.8,,
5/7/21,16,2,amb w/ deluge,amb w/ deluge,amb,29.8,Extreme outlier by date-trt groupings. Not that extreme compared to group so will leave in.,
5/7/21,18,3,amb,amb,amb,42.9,,
5/7/21,19,1,drought w/ deluge,dry w/ deluge,dry w/ deluge,39.6,,
5/7/21,20,2,amb w/ deluge,amb w/ deluge,amb,43.8,,
5/7/21,21,4,amb,amb,amb,46.6,,
5/7/21,22,1,drought w/ deluge,dry w/ deluge,dry w/ deluge,46.3,,
5/7/21,23,4,amb,amb,amb,41.9,,
5/7/21,24,2,amb w/ deluge,amb w/ deluge,amb,45.7,,
5/7/21,26,4,amb,amb,amb,49.7,,
5/7/21,28,3,amb,amb,amb,43.6,,
5/7/21,29,4,amb,amb,amb,48.6,,
5/7/21,30,2,amb w/ deluge,amb w/ deluge,amb,41.5,,
5/7/21,31,3,amb,amb,amb,40.9,,
5/7/21,32,4,amb,amb,amb,45.2,,
5/7/21,33,1,drought w/ deluge,dry w/ deluge,dry w/ deluge,43.2,,
5/7/21,34,3,amb,amb,amb,43.4,,
5/7/21,35,4,amb,amb,amb,44.2,,
5/7/21,37,2,amb w/ deluge,amb w/ deluge,amb,46.9,,
5/7/21,38,1,drought w/ deluge,dry w/ deluge,dry w/ deluge,49.4,,
5/7/21,39,3,amb,amb,amb,49.1,,
5/7/21,41,1,drought w/ deluge,dry w/ deluge,dry w/ deluge,46.7,,
5/7/21,42,3,amb,amb,amb,39.7,,
5/7/21,43,3,amb,amb,amb,41.9,,
5/7/21,44,2,amb w/ deluge,amb w/ deluge,amb,43.1,,
5/7/21,45,4,amb,amb,amb,37.5,,
5/7/21,47,4,amb,amb,amb,41.6,,
5/7/21,49,1,drought w/ deluge,dry w/ deluge,dry w/ deluge,44.3,,
5/7/21,50,4,amb,amb,amb,46.4,,
5/15/21,2,3,amb,amb,amb,48.3,,
5/15/21,3,1,drought w/ deluge,dry w/ deluge,dry w/ deluge,42.1,,
5/15/21,4,2,amb w/ deluge,amb w/ deluge,amb,44,,
5/15/21,5,1,drought w/ deluge,dry w/ deluge,dry w/ deluge,42.7,,
5/15/21,6,3,amb,amb,amb,48.5,,
5/15/21,9,3,amb,amb,amb,44.6,,
5/15/21,10,2,amb w/ deluge,amb w/ deluge,amb,49.4,,
5/15/21,11,2,amb w/ deluge,amb w/ deluge,amb,45.3,,
5/15/21,12,4,amb,amb,amb,46.2,,
5/15/21,13,2,amb w/ deluge,amb w/ deluge,amb,42.1,,
5/15/21,14,1,drought w/ deluge,dry w/ deluge,dry w/ deluge,48.6,,
5/15/21,15,1,drought w/ deluge,dry w/ deluge,dry w/ deluge,47.5,,
5/15/21,16,2,amb w/ deluge,amb w/ deluge,amb,49.4,,
5/15/21,18,3,amb,amb,amb,43.6,,
5/15/21,19,1,drought w/ deluge,dry w/ deluge,dry w/ deluge,40.4,,
5/15/21,20,2,amb w/ deluge,amb w/ deluge,amb,43.5,,
5/15/21,21,4,amb,amb,amb,46.3,,
5/15/21,22,1,drought w/ deluge,dry w/ deluge,dry w/ deluge,45.7,,
5/15/21,23,4,amb,amb,amb,45.6,,
5/15/21,24,2,amb w/ deluge,amb w/ deluge,amb,44.7,,
5/15/21,26,4,amb,amb,amb,49.2,,
5/15/21,28,3,amb,amb,amb,48.5,,
5/15/21,29,4,amb,amb,amb,44.3,,
5/15/21,30,2,amb w/ deluge,amb w/ deluge,amb,48.3,,
5/15/21,31,3,amb,amb,amb,42.9,,
5/15/21,32,4,amb,amb,amb,44.2,,
5/15/21,33,1,drought w/ deluge,dry w/ deluge,dry w/ deluge,44.2,,
5/15/21,34,3,amb,amb,amb,43.2,,
5/15/21,35,4,amb,amb,amb,45.3,,
5/15/21,37,2,amb w/ deluge,amb w/ deluge,amb,45.9,,
5/15/21,38,1,drought w/ deluge,dry w/ deluge,dry w/ deluge,46.7,,
5/15/21,39,3,amb,amb,amb,45.2,,
5/15/21,41,1,drought w/ deluge,dry w/ deluge,dry w/ deluge,42.7,,
5/15/21,42,3,amb,amb,amb,46.1,,
5/15/21,43,3,amb,amb,amb,41.7,,
5/15/21,44,2,amb w/ deluge,amb w/ deluge,amb,42.2,,
5/15/21,45,4,amb,amb,amb,36.8,,
5/15/21,47,4,amb,amb,amb,39,,
5/15/21,49,1,drought w/ deluge,dry w/ deluge,dry w/ deluge,45.6,,
5/15/21,50,4,amb,amb,amb,40.3,,
5/18/21,6,3,amb,amb,amb,45.7,,
5/18/21,9,3,amb,amb,amb,42.9,,
5/18/21,11,2,amb w/ deluge,amb w/ deluge,amb,44.4,,
5/18/21,13,2,amb w/ deluge,amb w/ deluge,amb,44.9,,
5/18/21,15,1,drought w/ deluge,dry w/ deluge,dry w/ deluge,43.6,,
5/18/21,19,1,drought w/ deluge,dry w/ deluge,dry w/ deluge,38.5,,
5/18/21,20,2,amb w/ deluge,amb w/ deluge,amb,43.1,,
5/18/21,21,4,amb,amb,amb,44,,
5/18/21,23,4,amb,amb,amb,46.4,,
5/18/21,24,2,amb w/ deluge,amb w/ deluge,amb,44,,
5/18/21,26,4,amb,amb,amb,45.7,,
5/18/21,33,1,drought w/ deluge,dry w/ deluge,dry w/ deluge,44.4,,
5/18/21,34,3,amb,amb,amb,43.4,,
5/18/21,38,1,drought w/ deluge,dry w/ deluge,dry w/ deluge,45.9,,
5/18/21,39,3,amb,amb,amb,48.4,,
5/18/21,42,3,amb,amb,amb,43.5,,
5/18/21,44,2,amb w/ deluge,amb w/ deluge,amb,44.4,,
5/18/21,45,4,amb,amb,amb,38.3,,
5/18/21,47,4,amb,amb,amb,42,,
5/18/21,49,1,drought w/ deluge,dry w/ deluge,dry w/ deluge,45.7,,
5/20/21,2,3,amb,amb,amb,46.5,,
5/20/21,3,1,drought w/ deluge,dry w/ deluge,dry w/ deluge,43.8,,
5/20/21,4,2,amb w/ deluge,amb w/ deluge,amb,45.4,,
5/20/21,5,1,drought w/ deluge,dry w/ deluge,dry w/ deluge,39.6,,
5/20/21,6,3,amb,amb,amb,43.7,,
5/20/21,9,3,amb,amb,amb,42,,
5/20/21,10,2,amb w/ deluge,amb w/ deluge,amb,44.9,,
5/20/21,11,2,amb w/ deluge,amb w/ deluge,amb,40.3,Extreme outlier by date-trt groupings. Not that extreme compared to group so will leave in.,
5/20/21,12,4,amb,amb,amb,44.5,,
5/20/21,13,2,amb w/ deluge,amb w/ deluge,amb,44.5,,
5/20/21,14,1,drought w/ deluge,dry w/ deluge,dry w/ deluge,44,,
5/20/21,15,1,drought w/ deluge,dry w/ deluge,dry w/ deluge,48.5,,
5/20/21,16,2,amb w/ deluge,amb w/ deluge,amb,45.1,,
5/20/21,18,3,amb,amb,amb,46.7,,
5/20/21,19,1,drought w/ deluge,dry w/ deluge,dry w/ deluge,44.9,,
5/20/21,20,2,amb w/ deluge,amb w/ deluge,amb,44.8,,
5/20/21,21,4,amb,amb,amb,49,,
5/20/21,22,1,drought w/ deluge,dry w/ deluge,dry w/ deluge,47.3,,
5/20/21,23,4,amb,amb,amb,43.3,,
5/20/21,24,2,amb w/ deluge,amb w/ deluge,amb,44.9,,
5/20/21,26,4,amb,amb,amb,47.8,,
5/20/21,28,3,amb,amb,amb,45.7,,
5/20/21,29,4,amb,amb,amb,45.4,,
5/20/21,30,2,amb w/ deluge,amb w/ deluge,amb,46.6,Extreme outlier by date-trt groupings. Not that extreme compared to group so will leave in.,
5/20/21,31,3,amb,amb,amb,41.3,,
5/20/21,32,4,amb,amb,amb,40.7,,
5/20/21,33,1,drought w/ deluge,dry w/ deluge,dry w/ deluge,42.9,,
5/20/21,34,3,amb,amb,amb,42.4,,
5/20/21,35,4,amb,amb,amb,44.3,,
5/20/21,37,2,amb w/ deluge,amb w/ deluge,amb,44.7,,
5/20/21,38,1,drought w/ deluge,dry w/ deluge,dry w/ deluge,37.3,,
5/20/21,39,3,amb,amb,amb,51.4,,
5/20/21,41,1,drought w/ deluge,dry w/ deluge,dry w/ deluge,50.1,,
5/20/21,42,3,amb,amb,amb,30.1,,
5/20/21,43,3,amb,amb,amb,40.2,,
5/20/21,44,2,amb w/ deluge,amb w/ deluge,amb,41,Extreme outlier by date-trt groupings. Not that extreme compared to group so will leave in.,
5/20/21,45,4,amb,amb,amb,37.5,,
5/20/21,47,4,amb,amb,amb,45.2,,
5/20/21,49,1,drought w/ deluge,dry w/ deluge,dry w/ deluge,47.1,,
5/20/21,50,4,amb,amb,amb,43.1,,
5/24/21,6,3,amb,amb,amb,42.2,,
5/24/21,9,3,amb,amb,amb,43,,
5/24/21,11,2,amb w/ deluge,amb w/ deluge,amb,42.9,,
5/24/21,13,2,amb w/ deluge,amb w/ deluge,amb,37.8,,
5/24/21,15,1,drought w/ deluge,dry w/ deluge,dry w/ deluge,46.8,,
5/24/21,19,1,drought w/ deluge,dry w/ deluge,dry w/ deluge,41.2,,
5/24/21,20,2,amb w/ deluge,amb w/ deluge,amb,40.7,,
5/24/21,21,4,amb,amb,amb,44.5,,
5/24/21,23,4,amb,amb,amb,42.2,,
5/24/21,24,2,amb w/ deluge,amb w/ deluge,amb,43.9,,
5/24/21,26,4,amb,amb,amb,46.2,,
5/24/21,33,1,drought w/ deluge,dry w/ deluge,dry w/ deluge,39.7,,
5/24/21,34,3,amb,amb,amb,44.1,,
5/24/21,38,1,drought w/ deluge,dry w/ deluge,dry w/ deluge,38.5,,
5/24/21,39,3,amb,amb,amb,46.8,,
5/24/21,42,3,amb,amb,amb,42.2,,
5/24/21,44,2,amb w/ deluge,amb w/ deluge,amb,41,,
5/24/21,45,4,amb,amb,amb,34.9,,
5/24/21,47,4,amb,amb,amb,44.7,,
5/24/21,49,1,drought w/ deluge,dry w/ deluge,dry w/ deluge,43.8,,
5/28/21,2,3,amb,amb,amb,42.1,,
5/28/21,3,1,drought w/ deluge,dry w/ deluge,dry w/ deluge,36.9,,
5/28/21,4,2,amb w/ deluge,amb w/ deluge,amb,40.5,,
5/28/21,5,1,drought w/ deluge,dry w/ deluge,dry w/ deluge,33.9,,
5/28/21,6,3,amb,amb,amb,43.5,,
5/28/21,9,3,amb,amb,amb,38.4,,
5/28/21,10,2,amb w/ deluge,amb w/ deluge,amb,35,,
5/28/21,11,2,amb w/ deluge,amb w/ deluge,amb,33.6,,
5/28/21,12,4,amb,amb,amb,42.9,,
5/28/21,13,2,amb w/ deluge,amb w/ deluge,amb,43.9,,
5/28/21,14,1,drought w/ deluge,dry w/ deluge,dry w/ deluge,38.2,,
5/28/21,15,1,drought w/ deluge,dry w/ deluge,dry w/ deluge,40.4,,
5/28/21,16,2,amb w/ deluge,amb w/ deluge,amb,40.3,,
5/28/21,18,3,amb,amb,amb,41.4,,
5/28/21,19,1,drought w/ deluge,dry w/ deluge,dry w/ deluge,40.2,,
5/28/21,20,2,amb w/ deluge,amb w/ deluge,amb,40.3,,
5/28/21,21,4,amb,amb,amb,41.4,,
5/28/21,22,1,drought w/ deluge,dry w/ deluge,dry w/ deluge,41,,
5/28/21,23,4,amb,amb,amb,38,,
5/28/21,24,2,amb w/ deluge,amb w/ deluge,amb,33.7,,
5/28/21,26,4,amb,amb,amb,44.1,,
5/28/21,28,3,amb,amb,amb,48.6,,
5/28/21,29,4,amb,amb,amb,35.7,,
5/28/21,30,2,amb w/ deluge,amb w/ deluge,amb,43.5,,
5/28/21,31,3,amb,amb,amb,40,,
5/28/21,32,4,amb,amb,amb,44.4,,
5/28/21,33,1,drought w/ deluge,dry w/ deluge,dry w/ deluge,45.4,,
5/28/21,34,3,amb,amb,amb,44.1,,
5/28/21,35,4,amb,amb,amb,39.6,,
5/28/21,37,2,amb w/ deluge,amb w/ deluge,amb,38.9,,
5/28/21,38,1,drought w/ deluge,dry w/ deluge,dry w/ deluge,41.8,,
5/28/21,39,3,amb,amb,amb,41.1,,
5/28/21,41,1,drought w/ deluge,dry w/ deluge,dry w/ deluge,31.7,,
5/28/21,42,3,amb,amb,amb,41.4,,
5/28/21,43,3,amb,amb,amb,39.9,,
5/28/21,44,2,amb w/ deluge,amb w/ deluge,amb,37.9,,
5/28/21,45,4,amb,amb,amb,29.4,,
5/28/21,47,4,amb,amb,amb,37.4,,
5/28/21,49,1,drought w/ deluge,dry w/ deluge,dry w/ deluge,22.3,,
5/28/21,50,4,amb,amb,amb,38.8,,
6/2/21,2,3,amb,amb,amb,41.6,,
6/2/21,3,1,drought w/ deluge,dry w/ deluge,dry w/ deluge,31.3,,
6/2/21,4,2,amb w/ deluge,amb w/ deluge,amb,40.2,,
6/2/21,5,1,drought w/ deluge,dry w/ deluge,dry w/ deluge,28.9,,
6/2/21,6,3,amb,amb,amb,39.1,,
6/2/21,9,3,amb,amb,amb,39.5,,
6/2/21,10,2,amb w/ deluge,amb w/ deluge,amb,28.5,,
6/2/21,11,2,amb w/ deluge,amb w/ deluge,amb,29.8,,
6/2/21,12,4,amb,amb,amb,38.5,,
6/2/21,13,2,amb w/ deluge,amb w/ deluge,amb,33.7,,
6/2/21,14,1,drought w/ deluge,dry w/ deluge,dry w/ deluge,38.7,,
6/2/21,15,1,drought w/ deluge,dry w/ deluge,dry w/ deluge,43,,
6/2/21,16,2,amb w/ deluge,amb w/ deluge,amb,45.1,,
6/2/21,18,3,amb,amb,amb,43.2,,
6/2/21,19,1,drought w/ deluge,dry w/ deluge,dry w/ deluge,37.6,,
6/2/21,20,2,amb w/ deluge,amb w/ deluge,amb,34.4,,
6/2/21,21,4,amb,amb,amb,44.7,,
6/2/21,22,1,drought w/ deluge,dry w/ deluge,dry w/ deluge,44.5,,
6/2/21,23,4,amb,amb,amb,39.1,,
6/2/21,24,2,amb w/ deluge,amb w/ deluge,amb,44.9,,
6/2/21,26,4,amb,amb,amb,43.8,,
6/2/21,28,3,amb,amb,amb,48.9,,
6/2/21,29,4,amb,amb,amb,43.2,,
6/2/21,30,2,amb w/ deluge,amb w/ deluge,amb,50.9,,
6/2/21,31,3,amb,amb,amb,41.6,,
6/2/21,32,4,amb,amb,amb,44.1,,
6/2/21,33,1,drought w/ deluge,dry w/ deluge,dry w/ deluge,39.8,,
6/2/21,34,3,amb,amb,amb,37.1,,
6/2/21,35,4,amb,amb,amb,41.8,,
6/2/21,37,2,amb w/ deluge,amb w/ deluge,amb,41.1,,
6/2/21,38,1,drought w/ deluge,dry w/ deluge,dry w/ deluge,38.5,,
6/2/21,39,3,amb,amb,amb,44.1,,
6/2/21,41,1,drought w/ deluge,dry w/ deluge,dry w/ deluge,30,,
6/2/21,42,3,amb,amb,amb,39.3,,
6/2/21,43,3,amb,amb,amb,39.2,,
6/2/21,44,2,amb w/ deluge,amb w/ deluge,amb,34.4,,
6/2/21,45,4,amb,amb,amb,30.2,,
6/2/21,47,4,amb,amb,amb,32.1,,
6/2/21,49,1,drought w/ deluge,dry w/ deluge,dry w/ deluge,35.6,,
6/2/21,50,4,amb,amb,amb,33.1,,
6/4/21,2,3,amb,amb,amb,35.1,,
6/4/21,3,1,drought w/ deluge,dry w/ deluge,dry w/ deluge,27.6,,
6/4/21,4,2,amb w/ deluge,amb w/ deluge,amb,35.4,,
6/4/21,5,1,drought w/ deluge,dry w/ deluge,dry w/ deluge,33.3,,
6/4/21,6,3,amb,amb,amb,35.4,,
6/4/21,9,3,amb,amb,amb,36.4,,
6/4/21,10,2,amb w/ deluge,amb w/ deluge,amb,23.7,,
6/4/21,11,2,amb w/ deluge,amb w/ deluge,amb,33.8,,
6/4/21,12,4,amb,amb,amb,38.8,,
6/4/21,13,2,amb w/ deluge,amb w/ deluge,amb,31.9,,
6/4/21,14,1,drought w/ deluge,dry w/ deluge,dry w/ deluge,33.8,,
6/4/21,15,1,drought w/ deluge,dry w/ deluge,dry w/ deluge,35.5,,
6/4/21,16,2,amb w/ deluge,amb w/ deluge,amb,46.8,,
6/4/21,18,3,amb,amb,amb,34.6,,
6/4/21,19,1,drought w/ deluge,dry w/ deluge,dry w/ deluge,30.7,,
6/4/21,20,2,amb w/ deluge,amb w/ deluge,amb,32.5,,
6/4/21,21,4,amb,amb,amb,41.2,,
6/4/21,22,1,drought w/ deluge,dry w/ deluge,dry w/ deluge,33.1,,
6/4/21,23,4,amb,amb,amb,34.5,,
6/4/21,24,2,amb w/ deluge,amb w/ deluge,amb,37.2,,
6/4/21,26,4,amb,amb,amb,32.2,,
6/4/21,28,3,amb,amb,amb,45.9,Extreme outlier by date-trt groupings. Not that extreme compared to group so will leave in.,
6/4/21,29,4,amb,amb,amb,42,,
6/4/21,30,2,amb w/ deluge,amb w/ deluge,amb,42.6,,
6/4/21,31,3,amb,amb,amb,32.8,,
6/4/21,32,4,amb,amb,amb,33.9,,
6/4/21,33,1,drought w/ deluge,dry w/ deluge,dry w/ deluge,36.9,,
6/4/21,34,3,amb,amb,amb,34.6,,
6/4/21,35,4,amb,amb,amb,29.8,,
6/4/21,37,2,amb w/ deluge,amb w/ deluge,amb,34.8,,
6/4/21,38,1,drought w/ deluge,dry w/ deluge,dry w/ deluge,28.9,,
6/4/21,39,3,amb,amb,amb,33.5,,
6/4/21,41,1,drought w/ deluge,dry w/ deluge,dry w/ deluge,26.1,,
6/4/21,42,3,amb,amb,amb,31.5,,
6/4/21,43,3,amb,amb,amb,32.5,,
6/4/21,44,2,amb w/ deluge,amb w/ deluge,amb,35.3,,
6/4/21,45,4,amb,amb,amb,27.9,,
6/4/21,47,4,amb,amb,amb,27,,
6/4/21,49,1,drought w/ deluge,dry w/ deluge,dry w/ deluge,30.5,,
6/4/21,50,4,amb,amb,amb,33.9,,
6/7/21,6,3,amb,amb,amb,34.9,,
6/7/21,9,3,amb,amb,amb,36.8,,
6/7/21,11,2,amb w/ deluge,amb w/ deluge,amb,28.9,,
6/7/21,13,2,amb w/ deluge,amb w/ deluge,amb,34.7,,
6/7/21,15,1,drought w/ deluge,dry w/ deluge,dry w/ deluge,40.2,,
6/7/21,19,1,drought w/ deluge,dry w/ deluge,dry w/ deluge,30.3,,
6/7/21,20,2,amb w/ deluge,amb w/ deluge,amb,32.4,,
6/7/21,21,4,amb,amb,amb,36,,
6/7/21,23,4,amb,amb,amb,33.5,,
6/7/21,24,2,amb w/ deluge,amb w/ deluge,amb,30.4,,
6/7/21,26,4,amb,amb,amb,29.8,,
6/7/21,33,1,drought w/ deluge,dry w/ deluge,dry w/ deluge,38.2,,
6/7/21,34,3,amb,amb,amb,32.9,,
6/7/21,38,1,drought w/ deluge,dry w/ deluge,dry w/ deluge,22.6,,
6/7/21,39,3,amb,amb,amb,31.3,,
6/7/21,42,3,amb,amb,amb,33.6,,
6/7/21,44,2,amb w/ deluge,amb w/ deluge,amb,32.2,,
6/7/21,45,4,amb,amb,amb,33.8,,
6/7/21,47,4,amb,amb,amb,36.6,,
6/7/21,49,1,drought w/ deluge,dry w/ deluge,dry w/ deluge,18.4,,
6/10/21,2,3,amb,amb,amb,34.9,,
6/10/21,3,1,drought w/ deluge,dry w/ deluge,dry w/ deluge,26.9,,
6/10/21,4,2,amb w/ deluge,amb w/ deluge,amb,38.6,,
6/10/21,5,1,drought w/ deluge,dry w/ deluge,dry w/ deluge,25,,
6/10/21,6,3,amb,amb,amb,32.4,,
6/10/21,9,3,amb,amb,amb,41.2,,
6/10/21,10,2,amb w/ deluge,amb w/ deluge,amb,30.7,,
6/10/21,11,2,amb w/ deluge,amb w/ deluge,amb,34.3,,
6/10/21,12,4,amb,amb,amb,35.7,,
6/10/21,13,2,amb w/ deluge,amb w/ deluge,amb,29.5,,
6/10/21,14,1,drought w/ deluge,dry w/ deluge,dry w/ deluge,37.5,,
6/10/21,15,1,drought w/ deluge,dry w/ deluge,dry w/ deluge,34.2,,
6/10/21,16,2,amb w/ deluge,amb w/ deluge,amb,37,,
6/10/21,18,3,amb,amb,amb,29.3,,
6/10/21,19,1,drought w/ deluge,dry w/ deluge,dry w/ deluge,25.8,,
6/10/21,20,2,amb w/ deluge,amb w/ deluge,amb,34.7,,
6/10/21,21,4,amb,amb,amb,36.4,,
6/10/21,22,1,drought w/ deluge,dry w/ deluge,dry w/ deluge,27.4,,
6/10/21,23,4,amb,amb,amb,30.4,,
6/10/21,24,2,amb w/ deluge,amb w/ deluge,amb,31.8,,
6/10/21,26,4,amb,amb,amb,39.4,,
6/10/21,28,3,amb,amb,amb,45.9,,
6/10/21,29,4,amb,amb,amb,37.1,,
6/10/21,30,2,amb w/ deluge,amb w/ deluge,amb,48.6,,
6/10/21,31,3,amb,amb,amb,29.9,,
6/10/21,32,4,amb,amb,amb,39,,
6/10/21,33,1,drought w/ deluge,dry w/ deluge,dry w/ deluge,28.8,,
6/10/21,34,3,amb,amb,amb,31.4,,
6/10/21,35,4,amb,amb,amb,32.4,,
6/10/21,37,2,amb w/ deluge,amb w/ deluge,amb,28.4,,
6/10/21,38,1,drought w/ deluge,dry w/ deluge,dry w/ deluge,32,,
6/10/21,39,3,amb,amb,amb,34.2,,
6/10/21,41,1,drought w/ deluge,dry w/ deluge,dry w/ deluge,26.8,,
6/10/21,42,3,amb,amb,amb,34.3,,
6/10/21,43,3,amb,amb,amb,28.2,,
6/10/21,44,2,amb w/ deluge,amb w/ deluge,amb,34.3,,
6/10/21,45,4,amb,amb,amb,21,,
6/10/21,47,4,amb,amb,amb,32.2,,
6/10/21,49,1,drought w/ deluge,dry w/ deluge,dry w/ deluge,27.7,,
6/10/21,50,4,amb,amb,amb,35.4,,
6/14/21,6,3,amb,amb,amb,25.2,,
6/14/21,9,3,amb,amb,amb,29,,
6/14/21,11,2,amb w/ deluge,amb w/ deluge,amb,24.2,,
6/14/21,13,2,amb w/ deluge,amb w/ deluge,amb,21.1,,
6/14/21,15,1,drought w/ deluge,dry w/ deluge,dry w/ deluge,33.4,,
6/14/21,19,1,drought w/ deluge,dry w/ deluge,dry w/ deluge,21.5,,
6/14/21,20,2,amb w/ deluge,amb w/ deluge,amb,35.5,,
6/14/21,21,4,amb,amb,amb,29.1,,
6/14/21,23,4,amb,amb,amb,23.4,,
6/14/21,24,2,amb w/ deluge,amb w/ deluge,amb,28.2,,
6/14/21,26,4,amb,amb,amb,30.4,,
6/14/21,33,1,drought w/ deluge,dry w/ deluge,dry w/ deluge,29.8,,
6/14/21,34,3,amb,amb,amb,25.9,,
6/14/21,38,1,drought w/ deluge,dry w/ deluge,dry w/ deluge,30.9,,
6/14/21,39,3,amb,amb,amb,33.1,,
6/14/21,42,3,amb,amb,amb,32.6,,
6/14/21,44,2,amb w/ deluge,amb w/ deluge,amb,27.7,,
6/14/21,45,4,amb,amb,amb,28.9,,
6/14/21,47,4,amb,amb,amb,30.8,,
6/14/21,49,1,drought w/ deluge,dry w/ deluge,dry w/ deluge,14.4,,
6/18/21,2,3,amb,amb,amb,27.1,,
6/18/21,3,1,drought w/ deluge,dry w/ deluge,dry w/ deluge,22.1,,
6/18/21,4,2,amb w/ deluge,amb w/ deluge,amb,24.6,,
6/18/21,5,1,drought w/ deluge,dry w/ deluge,dry w/ deluge,26.5,,
6/18/21,6,3,amb,amb,amb,28.6,,
6/18/21,9,3,amb,amb,amb,23.7,,
6/18/21,10,2,amb w/ deluge,amb w/ deluge,amb,22.8,,
6/18/21,11,2,amb w/ deluge,amb w/ deluge,amb,28.6,,
6/18/21,12,4,amb,amb,amb,22.8,,
6/18/21,13,2,amb w/ deluge,amb w/ deluge,amb,20.4,,
6/18/21,14,1,drought w/ deluge,dry w/ deluge,dry w/ deluge,24.7,,
6/18/21,15,1,drought w/ deluge,dry w/ deluge,dry w/ deluge,30.8,,
6/18/21,16,2,amb w/ deluge,amb w/ deluge,amb,30.8,,
6/18/21,18,3,amb,amb,amb,23.3,,
6/18/21,19,1,drought w/ deluge,dry w/ deluge,dry w/ deluge,19.1,,
6/18/21,20,2,amb w/ deluge,amb w/ deluge,amb,25.4,,
6/18/21,21,4,amb,amb,amb,31,,
6/18/21,22,1,drought w/ deluge,dry w/ deluge,dry w/ deluge,28.7,,
6/18/21,23,4,amb,amb,amb,25,,
6/18/21,24,2,amb w/ deluge,amb w/ deluge,amb,28.7,,
6/18/21,26,4,amb,amb,amb,28.8,,
6/18/21,28,3,amb,amb,amb,31.6,,
6/18/21,29,4,amb,amb,amb,21.5,,
6/18/21,30,2,amb w/ deluge,amb w/ deluge,amb,37.1,,
6/18/21,31,3,amb,amb,amb,22.4,,
6/18/21,32,4,amb,amb,amb,25.8,,
6/18/21,33,1,drought w/ deluge,dry w/ deluge,dry w/ deluge,19.7,,
6/18/21,34,3,amb,amb,amb,25.4,,
6/18/21,35,4,amb,amb,amb,26.6,,
6/18/21,37,2,amb w/ deluge,amb w/ deluge,amb,30.2,,
6/18/21,38,1,drought w/ deluge,dry w/ deluge,dry w/ deluge,23,,
6/18/21,39,3,amb,amb,amb,24.4,,
6/18/21,41,1,drought w/ deluge,dry w/ deluge,dry w/ deluge,20.6,,
6/18/21,42,3,amb,amb,amb,25.6,,
6/18/21,43,3,amb,amb,amb,23.9,,
6/18/21,44,2,amb w/ deluge,amb w/ deluge,amb,19.3,,
6/18/21,45,4,amb,amb,amb,28.3,,
6/18/21,47,4,amb,amb,amb,19,,
6/18/21,49,1,drought w/ deluge,dry w/ deluge,dry w/ deluge,23.4,,
6/18/21,50,4,amb,amb,amb,25.6,,
6/21/21,6,3,amb,amb,amb,20.5,,
6/21/21,9,3,amb,amb,amb,26.6,,
6/21/21,11,2,amb w/ deluge,amb w/ deluge,amb,26.1,,
6/21/21,13,2,amb w/ deluge,amb w/ deluge,amb,13.3,,
6/21/21,15,1,drought w/ deluge,dry w/ deluge,dry w/ deluge,19.2,,
6/21/21,19,1,drought w/ deluge,dry w/ deluge,dry w/ deluge,21.1,,
6/21/21,20,2,amb w/ deluge,amb w/ deluge,amb,23.6,,
6/21/21,21,4,amb,amb,amb,27.1,,
6/21/21,23,4,amb,amb,amb,24.6,,
6/21/21,24,2,amb w/ deluge,amb w/ deluge,amb,29.1,,
6/21/21,26,4,amb,amb,amb,27.3,,
6/21/21,33,1,drought w/ deluge,dry w/ deluge,dry w/ deluge,29.9,,
6/21/21,34,3,amb,amb,amb,25.2,,
6/21/21,38,1,drought w/ deluge,dry w/ deluge,dry w/ deluge,24.8,,
6/21/21,39,3,amb,amb,amb,26.7,,
6/21/21,42,3,amb,amb,amb,19.2,,
6/21/21,44,2,amb w/ deluge,amb w/ deluge,amb,20.4,,
6/21/21,45,4,amb,amb,amb,15.2,,
6/21/21,47,4,amb,amb,amb,22,,
6/21/21,49,1,drought w/ deluge,dry w/ deluge,dry w/ deluge,25.7,,
6/27/21,2,3,amb,amb,amb,48.7,,
6/27/21,3,1,drought w/ deluge,dry w/ deluge,dry w/ deluge,43.6,"middle of roof was not attached and blowing open in wind, fixed now so shouldn't open in future but probably why wetter than other plots…also whole area looked really muddy so maybe water is running off the stored plots into this plot? ",
6/27/21,4,2,amb w/ deluge,amb w/ deluge,amb,46.9,,
6/27/21,5,1,drought w/ deluge,dry w/ deluge,dry w/ deluge,25.7,,
6/27/21,6,3,amb,amb,amb,49.4,,
6/27/21,9,3,amb,amb,amb,46.3,,
6/27/21,10,2,amb w/ deluge,amb w/ deluge,amb,49.5,,
6/27/21,11,2,amb w/ deluge,amb w/ deluge,amb,43.8,,
6/27/21,12,4,amb,amb,amb,44.9,,
6/27/21,13,2,amb w/ deluge,amb w/ deluge,amb,42.4,,
6/27/21,14,1,drought w/ deluge,dry w/ deluge,dry w/ deluge,28,,
6/27/21,15,1,drought w/ deluge,dry w/ deluge,dry w/ deluge,25.5,,
6/27/21,16,2,amb w/ deluge,amb w/ deluge,amb,45.4,,
6/27/21,18,3,amb,amb,amb,49.3,,
6/27/21,19,1,drought w/ deluge,dry w/ deluge,dry w/ deluge,24.7,,
6/27/21,20,2,amb w/ deluge,amb w/ deluge,amb,45.4,,
6/27/21,21,4,amb,amb,amb,51.5,,
6/27/21,22,1,drought w/ deluge,dry w/ deluge,dry w/ deluge,45.3,"side of roof broke plastic off of bolts, half of roof blowing up in wind (i.e. probably why is was so wet from letting rain in) ",
6/27/21,23,4,amb,amb,amb,47.3,,
6/27/21,24,2,amb w/ deluge,amb w/ deluge,amb,48.8,,
6/27/21,26,4,amb,amb,amb,50,,
6/27/21,28,3,amb,amb,amb,48.7,,
6/27/21,29,4,amb,amb,amb,45.8,,
6/27/21,30,2,amb w/ deluge,amb w/ deluge,amb,51.2,,
6/27/21,31,3,amb,amb,amb,44.7,,
6/27/21,32,4,amb,amb,amb,47.5,,
6/27/21,33,1,drought w/ deluge,dry w/ deluge,dry w/ deluge,22.4,,
6/27/21,34,3,amb,amb,amb,47.4,,
6/27/21,35,4,amb,amb,amb,46.9,,
6/27/21,37,2,amb w/ deluge,amb w/ deluge,amb,45.1,,
6/27/21,38,1,drought w/ deluge,dry w/ deluge,dry w/ deluge,21.7,,
6/27/21,39,3,amb,amb,amb,50.7,,
6/27/21,41,1,drought w/ deluge,dry w/ deluge,dry w/ deluge,29.6,,
6/27/21,42,3,amb,amb,amb,46.2,,
6/27/21,43,3,amb,amb,amb,37.9,,
6/27/21,44,2,amb w/ deluge,amb w/ deluge,amb,46.2,,
6/27/21,45,4,amb,amb,amb,42.3,,
6/27/21,47,4,amb,amb,amb,43.2,,
6/27/21,49,1,drought w/ deluge,dry w/ deluge,dry w/ deluge,34.2,wetter than other drought plots but roof looked ok so not sure why,
6/27/21,50,4,amb,amb,amb,48.1,,
7/1/21,2,3,amb,amb,amb,47.9,,
7/1/21,3,1,drought w/ deluge,dry w/ deluge,dry w/ deluge,38.5,,
7/1/21,4,2,amb w/ deluge,amb w/ deluge,amb,51,,
7/1/21,5,1,drought w/ deluge,dry w/ deluge,dry w/ deluge,16.5,,
7/1/21,6,3,amb,amb,amb,49.9,,
7/1/21,9,3,amb,amb,amb,49.7,,
7/1/21,10,2,amb w/ deluge,amb w/ deluge,amb,50.9,,
7/1/21,11,2,amb w/ deluge,amb w/ deluge,amb,49,,
7/1/21,12,4,amb,amb,amb,47.5,,
7/1/21,13,2,amb w/ deluge,amb w/ deluge,amb,50.6,,
7/1/21,14,1,drought w/ deluge,dry w/ deluge,dry w/ deluge,31.3,,
7/1/21,15,1,drought w/ deluge,dry w/ deluge,dry w/ deluge,31.5,,
7/1/21,16,2,amb w/ deluge,amb w/ deluge,amb,49.6,,
7/1/21,18,3,amb,amb,amb,47.1,,
7/1/21,19,1,drought w/ deluge,dry w/ deluge,dry w/ deluge,27.5,,
7/1/21,20,2,amb w/ deluge,amb w/ deluge,amb,48.5,,
7/1/21,21,4,amb,amb,amb,51.8,,
7/1/21,22,1,drought w/ deluge,dry w/ deluge,dry w/ deluge,49.7,,
7/1/21,23,4,amb,amb,amb,51.1,,
7/1/21,24,2,amb w/ deluge,amb w/ deluge,amb,50.7,,
7/1/21,26,4,amb,amb,amb,51.2,,
7/1/21,28,3,amb,amb,amb,51.9,,
7/1/21,29,4,amb,amb,amb,50.9,,
7/1/21,30,2,amb w/ deluge,amb w/ deluge,amb,51.4,,
7/1/21,31,3,amb,amb,amb,49.2,,
7/1/21,32,4,amb,amb,amb,49.7,,
7/1/21,33,1,drought w/ deluge,dry w/ deluge,dry w/ deluge,24.9,,
7/1/21,34,3,amb,amb,amb,47.5,,
7/1/21,35,4,amb,amb,amb,49.1,,
7/1/21,37,2,amb w/ deluge,amb w/ deluge,amb,49.5,,
7/1/21,38,1,drought w/ deluge,dry w/ deluge,dry w/ deluge,18.9,,
7/1/21,39,3,amb,amb,amb,53.2,,
7/1/21,41,1,drought w/ deluge,dry w/ deluge,dry w/ deluge,46.4,,
7/1/21,42,3,amb,amb,amb,49.5,,
7/1/21,43,3,amb,amb,amb,46.1,,
7/1/21,44,2,amb w/ deluge,amb w/ deluge,amb,50.7,,
7/1/21,45,4,amb,amb,amb,42.7,,
7/1/21,47,4,amb,amb,amb,49.1,,
7/1/21,49,1,drought w/ deluge,dry w/ deluge,dry w/ deluge,46.2,,
7/1/21,50,4,amb,amb,amb,46.9,,
7/5/21,6,3,amb,amb,amb,48.3,,
7/5/21,9,3,amb,amb,amb,42.5,,
7/5/21,11,2,amb w/ deluge,amb w/ deluge,amb,45.7,,
7/5/21,13,2,amb w/ deluge,amb w/ deluge,amb,40.3,,
7/5/21,15,1,drought w/ deluge,dry w/ deluge,dry w/ deluge,29.1,,
7/5/21,19,1,drought w/ deluge,dry w/ deluge,dry w/ deluge,17.8,,
7/5/21,20,2,amb w/ deluge,amb w/ deluge,amb,41.9,,
7/5/21,21,4,amb,amb,amb,43.8,,
7/5/21,23,4,amb,amb,amb,43.5,,
7/5/21,24,2,amb w/ deluge,amb w/ deluge,amb,43.2,,
7/5/21,26,4,amb,amb,amb,47.9,,
7/5/21,33,1,drought w/ deluge,dry w/ deluge,dry w/ deluge,20.5,,
7/5/21,34,3,amb,amb,amb,44.1,,
7/5/21,38,1,drought w/ deluge,dry w/ deluge,dry w/ deluge,16.2,,
7/5/21,39,3,amb,amb,amb,51.2,,
7/5/21,42,3,amb,amb,amb,43,,
7/5/21,44,2,amb w/ deluge,amb w/ deluge,amb,38.4,,
7/5/21,45,4,amb,amb,amb,38.5,,
7/5/21,47,4,amb,amb,amb,45.7,,
7/5/21,49,1,drought w/ deluge,dry w/ deluge,dry w/ deluge,22.8,,
7/9/21,2,3,amb,amb,amb,45.3,,
7/9/21,3,1,drought w/ deluge,dry w/ deluge,dry w/ deluge,23.5,,
7/9/21,4,2,amb w/ deluge,amb w/ deluge,amb,41.9,,
7/9/21,5,1,drought w/ deluge,dry w/ deluge,dry w/ deluge,18.3,,
7/9/21,6,3,amb,amb,amb,42.4,,
7/9/21,9,3,amb,amb,amb,39.5,,
7/9/21,10,2,amb w/ deluge,amb w/ deluge,amb,36.6,,
7/9/21,11,2,amb w/ deluge,amb w/ deluge,amb,44.2,,
7/9/21,12,4,amb,amb,amb,42.2,,
7/9/21,13,2,amb w/ deluge,amb w/ deluge,amb,46.5,,
7/9/21,14,1,drought w/ deluge,dry w/ deluge,dry w/ deluge,29.3,,
7/9/21,15,1,drought w/ deluge,dry w/ deluge,dry w/ deluge,20.7,,
7/9/21,16,2,amb w/ deluge,amb w/ deluge,amb,42.3,,
7/9/21,18,3,amb,amb,amb,41.9,,
7/9/21,19,1,drought w/ deluge,dry w/ deluge,dry w/ deluge,24.7,,
7/9/21,20,2,amb w/ deluge,amb w/ deluge,amb,40.8,,
7/9/21,21,4,amb,amb,amb,45.3,,
7/9/21,22,1,drought w/ deluge,dry w/ deluge,dry w/ deluge,33.8,,
7/9/21,23,4,amb,amb,amb,37,,
7/9/21,24,2,amb w/ deluge,amb w/ deluge,amb,42.5,,
7/9/21,26,4,amb,amb,amb,41.1,,
7/9/21,28,3,amb,amb,amb,45,,
7/9/21,29,4,amb,amb,amb,43.6,,
7/9/21,30,2,amb w/ deluge,amb w/ deluge,amb,45.4,,
7/9/21,31,3,amb,amb,amb,42.9,,
7/9/21,32,4,amb,amb,amb,40.3,,
7/9/21,33,1,drought w/ deluge,dry w/ deluge,dry w/ deluge,28.9,,
7/9/21,34,3,amb,amb,amb,34.7,,
7/9/21,35,4,amb,amb,amb,40.4,,
7/9/21,37,2,amb w/ deluge,amb w/ deluge,amb,37.2,,
7/9/21,38,1,drought w/ deluge,dry w/ deluge,dry w/ deluge,18.9,,
7/9/21,39,3,amb,amb,amb,46.4,,
7/9/21,41,1,drought w/ deluge,dry w/ deluge,dry w/ deluge,27.9,,
7/9/21,42,3,amb,amb,amb,39.5,,
7/9/21,43,3,amb,amb,amb,35.5,,
7/9/21,44,2,amb w/ deluge,amb w/ deluge,amb,43.5,,
7/9/21,45,4,amb,amb,amb,35.9,,
7/9/21,47,4,amb,amb,amb,38.5,,
7/9/21,49,1,drought w/ deluge,dry w/ deluge,dry w/ deluge,31.2,,
7/9/21,50,4,amb,amb,amb,42.6,,
7/12/21,6,3,amb,amb,amb,36.7,,
7/12/21,9,3,amb,amb,amb,35.6,,
7/12/21,11,2,amb w/ deluge,amb w/ deluge,amb,40.5,,
7/12/21,13,2,amb w/ deluge,amb w/ deluge,amb,27.5,,
7/12/21,15,1,drought w/ deluge,dry w/ deluge,dry w/ deluge,28.5,,
7/12/21,19,1,drought w/ deluge,dry w/ deluge,dry w/ deluge,24.5,,
7/12/21,20,2,amb w/ deluge,amb w/ deluge,amb,35.1,,
7/12/21,21,4,amb,amb,amb,38.7,,
7/12/21,23,4,amb,amb,amb,35.3,,
7/12/21,24,2,amb w/ deluge,amb w/ deluge,amb,37,,
7/12/21,26,4,amb,amb,amb,37.2,,
7/12/21,33,1,drought w/ deluge,dry w/ deluge,dry w/ deluge,22.4,,
7/12/21,34,3,amb,amb,amb,31.9,,
7/12/21,38,1,drought w/ deluge,dry w/ deluge,dry w/ deluge,22.4,,
7/12/21,39,3,amb,amb,amb,42.7,,
7/12/21,42,3,amb,amb,amb,39.1,,
7/12/21,44,2,amb w/ deluge,amb w/ deluge,amb,38.3,,
7/12/21,45,4,amb,amb,amb,20.4,16.2 first try VWC,
7/12/21,47,4,amb,amb,amb,28.2,,
7/12/21,49,1,drought w/ deluge,dry w/ deluge,dry w/ deluge,19.8,,
7/15/21,2,3,amb,amb,amb,32.9,,
7/15/21,3,1,drought w/ deluge,dry w/ deluge,dry w/ deluge,21.5,,
7/15/21,4,2,amb w/ deluge,amb w/ deluge,amb w/ deluge,31.5,,
7/15/21,5,1,drought w/ deluge,dry w/ deluge,dry w/ deluge,15.6,,
7/15/21,6,3,amb,amb,amb,31.7,,
7/15/21,9,3,amb,amb,amb,31.7,,
7/15/21,10,2,amb w/ deluge,amb w/ deluge,amb w/ deluge,24.9,,
7/15/21,11,2,amb w/ deluge,amb w/ deluge,amb w/ deluge,35.1,,
7/15/21,12,4,amb,amb,amb,33.6,,
7/15/21,13,2,amb w/ deluge,amb w/ deluge,amb w/ deluge,36.9,,
7/15/21,14,1,drought w/ deluge,dry w/ deluge,dry w/ deluge,25.9,,
7/15/21,15,1,drought w/ deluge,dry w/ deluge,dry w/ deluge,20,,
7/15/21,16,2,amb w/ deluge,amb w/ deluge,amb w/ deluge,36.5,,
7/15/21,18,3,amb,amb,amb,33,,
7/15/21,19,1,drought w/ deluge,dry w/ deluge,dry w/ deluge,22,,
7/15/21,20,2,amb w/ deluge,amb w/ deluge,amb w/ deluge,29.6,,
7/15/21,21,4,amb,amb,amb,37.2,,
7/15/21,22,1,drought w/ deluge,dry w/ deluge,dry w/ deluge,29.2,,
7/15/21,23,4,amb,amb,amb,33.3,,
7/15/21,24,2,amb w/ deluge,amb w/ deluge,amb w/ deluge,33.4,,
7/15/21,26,4,amb,amb,amb,36.3,,
7/15/21,28,3,amb,amb,amb,38.3,,
7/15/21,29,4,amb,amb,amb,31.8,,
7/15/21,30,2,amb w/ deluge,amb w/ deluge,amb w/ deluge,36.1,,
7/15/21,31,3,amb,amb,amb,28,,
7/15/21,32,4,amb,amb,amb,28.6,,
7/15/21,33,1,drought w/ deluge,dry w/ deluge,dry w/ deluge,20.1,,
7/15/21,34,3,amb,amb,amb,29.5,,
7/15/21,35,4,amb,amb,amb,32.8,,
7/15/21,37,2,amb w/ deluge,amb w/ deluge,amb w/ deluge,25.4,,
7/15/21,38,1,drought w/ deluge,dry w/ deluge,dry w/ deluge,21.4,,
7/15/21,39,3,amb,amb,amb,35.7,,
7/15/21,41,1,drought w/ deluge,dry w/ deluge,dry w/ deluge,28.9,,
7/15/21,42,3,amb,amb,amb,24.9,,
7/15/21,43,3,amb,amb,amb,25.5,,
7/15/21,44,2,amb w/ deluge,amb w/ deluge,amb w/ deluge,35.1,,
7/15/21,45,4,amb,amb,amb,23.5,,
7/15/21,47,4,amb,amb,amb,19.2,,
7/15/21,49,1,drought w/ deluge,dry w/ deluge,dry w/ deluge,23.2,,
7/15/21,50,4,amb,amb,amb,25.8,,
7/17/21,2,3,amb,amb,amb,32.7,,
7/17/21,3,1,drought w/ deluge,dry w/ deluge,dry w/ deluge,37.4,Extreme outlier by date-trt groupings. Not that extreme compared to group so will leave in.,
7/17/21,4,2,amb w/ deluge,amb w/ deluge,amb w/ deluge,48.3,,
7/17/21,5,1,drought w/ deluge,dry w/ deluge,dry w/ deluge,43.7,,
7/17/21,6,3,amb,amb,amb,30.9,,
7/17/21,9,3,amb,amb,amb,27.6,,
7/17/21,10,2,amb w/ deluge,amb w/ deluge,amb w/ deluge,49.5,,
7/17/21,11,2,amb w/ deluge,amb w/ deluge,amb w/ deluge,46.2,,
7/17/21,12,4,amb,amb,amb,27.7,,
7/17/21,13,2,amb w/ deluge,amb w/ deluge,amb w/ deluge,43.7,,
7/17/21,14,1,drought w/ deluge,dry w/ deluge,dry w/ deluge,46.8,,
7/17/21,15,1,drought w/ deluge,dry w/ deluge,dry w/ deluge,51.1,,
7/17/21,16,2,amb w/ deluge,amb w/ deluge,amb w/ deluge,49.4,,
7/17/21,18,3,amb,amb,amb,33,,
7/17/21,19,1,drought w/ deluge,dry w/ deluge,dry w/ deluge,45,,
7/17/21,20,2,amb w/ deluge,amb w/ deluge,amb w/ deluge,47.2,,
7/17/21,21,4,amb,amb,amb,32.2,,
7/17/21,22,1,drought w/ deluge,dry w/ deluge,dry w/ deluge,46.3,,
7/17/21,23,4,amb,amb,amb,28.3,,
7/17/21,24,2,amb w/ deluge,amb w/ deluge,amb w/ deluge,45.2,,
7/17/21,26,4,amb,amb,amb,32.5,,
7/17/21,28,3,amb,amb,amb,35.7,,
7/17/21,29,4,amb,amb,amb,36.1,,
7/17/21,30,2,amb w/ deluge,amb w/ deluge,amb w/ deluge,49.5,,
7/17/21,31,3,amb,amb,amb,29.2,,
7/17/21,32,4,amb,amb,amb,29.9,,
7/17/21,33,1,drought w/ deluge,dry w/ deluge,dry w/ deluge,46,,
7/17/21,34,3,amb,amb,amb,29,,
7/17/21,35,4,amb,amb,amb,24.3,,
7/17/21,37,2,amb w/ deluge,amb w/ deluge,amb w/ deluge,45.3,,
7/17/21,38,1,drought w/ deluge,dry w/ deluge,dry w/ deluge,47.9,,
7/17/21,39,3,amb,amb,amb,36.8,,
7/17/21,41,1,drought w/ deluge,dry w/ deluge,dry w/ deluge,51.8,,
7/17/21,42,3,amb,amb,amb,30,,
7/17/21,43,3,amb,amb,amb,23.6,,
7/17/21,44,2,amb w/ deluge,amb w/ deluge,amb w/ deluge,46.6,,
7/17/21,45,4,amb,amb,amb,26.1,,
7/17/21,47,4,amb,amb,amb,32.2,,
7/17/21,49,1,drought w/ deluge,dry w/ deluge,dry w/ deluge,45.8,,
7/17/21,50,4,amb,amb,amb,28.3,,
7/20/21,2,3,amb,amb,amb,26,,
7/20/21,3,1,drought w/ deluge,dry w/ deluge,dry w/ deluge,25.5,Extreme outlier by date-trt groupings. Not that extreme compared to group so will leave in.,
7/20/21,4,2,amb w/ deluge,amb w/ deluge,amb w/ deluge,39.9,,
7/20/21,5,1,drought w/ deluge,dry w/ deluge,dry w/ deluge,41.9,,
7/20/21,6,3,amb,amb,amb,25.2,,
7/20/21,9,3,amb,amb,amb,34,,
7/20/21,10,2,amb w/ deluge,amb w/ deluge,amb w/ deluge,41.3,,
7/20/21,11,2,amb w/ deluge,amb w/ deluge,amb w/ deluge,46.3,,
7/20/21,12,4,amb,amb,amb,27.8,,
7/20/21,13,2,amb w/ deluge,amb w/ deluge,amb w/ deluge,45.3,,
7/20/21,14,1,drought w/ deluge,dry w/ deluge,dry w/ deluge,49.9,,
7/20/21,15,1,drought w/ deluge,dry w/ deluge,dry w/ deluge,44.1,,
7/20/21,16,2,amb w/ deluge,amb w/ deluge,amb w/ deluge,44.6,,
7/20/21,18,3,amb,amb,amb,26.6,,
7/20/21,19,1,drought w/ deluge,dry w/ deluge,dry w/ deluge,40.2,,
7/20/21,20,2,amb w/ deluge,amb w/ deluge,amb w/ deluge,44.1,,
7/20/21,21,4,amb,amb,amb,28.1,,
7/20/21,22,1,drought w/ deluge,dry w/ deluge,dry w/ deluge,45.1,,
7/20/21,23,4,amb,amb,amb,29.4,,
7/20/21,24,2,amb w/ deluge,amb w/ deluge,amb w/ deluge,43.4,,
7/20/21,26,4,amb,amb,amb,31.1,,
7/20/21,28,3,amb,amb,amb,30.6,,
7/20/21,29,4,amb,amb,amb,24.9,,
7/20/21,30,2,amb w/ deluge,amb w/ deluge,amb w/ deluge,48,,
7/20/21,31,3,amb,amb,amb,21.1,,
7/20/21,32,4,amb,amb,amb,22.1,,
7/20/21,33,1,drought w/ deluge,dry w/ deluge,dry w/ deluge,42.4,,
7/20/21,34,3,amb,amb,amb,21.9,,
7/20/21,35,4,amb,amb,amb,28.3,,
7/20/21,37,2,amb w/ deluge,amb w/ deluge,amb w/ deluge,41,,
7/20/21,38,1,drought w/ deluge,dry w/ deluge,dry w/ deluge,42.3,,
7/20/21,39,3,amb,amb,amb,40.4,,
7/20/21,41,1,drought w/ deluge,dry w/ deluge,dry w/ deluge,45.9,,
7/20/21,42,3,amb,amb,amb,18.9,,
7/20/21,43,3,amb,amb,amb,22.6,,
7/20/21,44,2,amb w/ deluge,amb w/ deluge,amb w/ deluge,42.6,,
7/20/21,45,4,amb,amb,amb,23,,
7/20/21,47,4,amb,amb,amb,29.2,,
7/20/21,49,1,drought w/ deluge,dry w/ deluge,dry w/ deluge,44.5,,
7/20/21,50,4,amb,amb,amb,25,,
7/22/21,2,3,amb,amb,amb,28.8,,
7/22/21,3,1,drought w/ deluge,dry w/ deluge,dry w/ deluge,36.6,,
7/22/21,4,2,amb w/ deluge,amb w/ deluge,amb w/ deluge,39.7,,
7/22/21,5,1,drought w/ deluge,dry w/ deluge,dry w/ deluge,37.3,,
7/22/21,6,3,amb,amb,amb,32.4,,
7/22/21,9,3,amb,amb,amb,26,,
7/22/21,10,2,amb w/ deluge,amb w/ deluge,amb w/ deluge,40.5,,
7/22/21,11,2,amb w/ deluge,amb w/ deluge,amb w/ deluge,44.1,,
7/22/21,12,4,amb,amb,amb,26.9,,
7/22/21,13,2,amb w/ deluge,amb w/ deluge,amb w/ deluge,41.8,,
7/22/21,14,1,drought w/ deluge,dry w/ deluge,dry w/ deluge,44.1,,
7/22/21,15,1,drought w/ deluge,dry w/ deluge,dry w/ deluge,47.4,,
7/22/21,16,2,amb w/ deluge,amb w/ deluge,amb w/ deluge,41.5,,
7/22/21,18,3,amb,amb,amb,21.5,,
7/22/21,19,1,drought w/ deluge,dry w/ deluge,dry w/ deluge,39.4,,
7/22/21,20,2,amb w/ deluge,amb w/ deluge,amb w/ deluge,38.7,,
7/22/21,21,4,amb,amb,amb,24.1,,
7/22/21,22,1,drought w/ deluge,dry w/ deluge,dry w/ deluge,41.6,,
7/22/21,23,4,amb,amb,amb,27.4,,
7/22/21,24,2,amb w/ deluge,amb w/ deluge,amb w/ deluge,41.9,,
7/22/21,26,4,amb,amb,amb,21.8,,
7/22/21,28,3,amb,amb,amb,NA,Sensor timeout error this week cause of NA's for all plots this round,
7/22/21,29,4,amb,amb,amb,NA,,
7/22/21,30,2,amb w/ deluge,amb w/ deluge,amb w/ deluge,NA,,
7/22/21,31,3,amb,amb,amb,29.3,,
7/22/21,32,4,amb,amb,amb,31.8,,
7/22/21,33,1,drought w/ deluge,dry w/ deluge,dry w/ deluge,41.1,,
7/22/21,34,3,amb,amb,amb,24.3,,
7/22/21,35,4,amb,amb,amb,27,,
7/22/21,37,2,amb w/ deluge,amb w/ deluge,amb w/ deluge,41.7,,
7/22/21,38,1,drought w/ deluge,dry w/ deluge,dry w/ deluge,37.3,,
7/22/21,39,3,amb,amb,amb,34.2,,
7/22/21,41,1,drought w/ deluge,dry w/ deluge,dry w/ deluge,NA,,
7/22/21,42,3,amb,amb,amb,NA,,
7/22/21,43,3,amb,amb,amb,NA,,
7/22/21,44,2,amb w/ deluge,amb w/ deluge,amb w/ deluge,NA,,
7/22/21,45,4,amb,amb,amb,NA,,
7/22/21,47,4,amb,amb,amb,NA,,
7/22/21,49,1,drought w/ deluge,dry w/ deluge,dry w/ deluge,NA,,
7/22/21,50,4,amb,amb,amb,NA,,
7/26/21,2,3,amb,amb,amb,18.4,,
7/26/21,3,1,drought w/ deluge,dry w/ deluge,dry w/ deluge,20.6,,
7/26/21,4,2,amb w/ deluge,amb w/ deluge,amb w/ deluge,36.3,,
7/26/21,5,1,drought w/ deluge,dry w/ deluge,dry w/ deluge,30.8,,
7/26/21,6,3,amb,amb,amb,25.1,,
7/26/21,9,3,amb,amb,amb,24,,
7/26/21,10,2,amb w/ deluge,amb w/ deluge,amb w/ deluge,31,,
7/26/21,11,2,amb w/ deluge,amb w/ deluge,amb w/ deluge,34.9,,
7/26/21,12,4,amb,amb,amb,27.3,,
7/26/21,13,2,amb w/ deluge,amb w/ deluge,amb w/ deluge,38.1,,
7/26/21,14,1,drought w/ deluge,dry w/ deluge,dry w/ deluge,42.1,,
7/26/21,15,1,drought w/ deluge,dry w/ deluge,dry w/ deluge,42.4,,
7/26/21,16,2,amb w/ deluge,amb w/ deluge,amb w/ deluge,37.5,,
7/26/21,18,3,amb,amb,amb,23.4,,
7/26/21,19,1,drought w/ deluge,dry w/ deluge,dry w/ deluge,31.9,,
7/26/21,20,2,amb w/ deluge,amb w/ deluge,amb w/ deluge,36.6,,
7/26/21,21,4,amb,amb,amb,29.1,,
7/26/21,22,1,drought w/ deluge,dry w/ deluge,dry w/ deluge,33.2,,
7/26/21,23,4,amb,amb,amb,28.1,,
7/26/21,24,2,amb w/ deluge,amb w/ deluge,amb w/ deluge,41.2,,
7/26/21,26,4,amb,amb,amb,27.5,,
7/26/21,28,3,amb,amb,amb,37.7,,
7/26/21,29,4,amb,amb,amb,32.6,,
7/26/21,30,2,amb w/ deluge,amb w/ deluge,amb w/ deluge,38.4,,
7/26/21,31,3,amb,amb,amb,21.9,,
7/26/21,32,4,amb,amb,amb,20.1,,
7/26/21,33,1,drought w/ deluge,dry w/ deluge,dry w/ deluge,31.7,,
7/26/21,34,3,amb,amb,amb,20.1,,
7/26/21,35,4,amb,amb,amb,23.7,,
7/26/21,37,2,amb w/ deluge,amb w/ deluge,amb w/ deluge,33.5,,
7/26/21,38,1,drought w/ deluge,dry w/ deluge,dry w/ deluge,33.8,,
7/26/21,39,3,amb,amb,amb,36.4,,
7/26/21,41,1,drought w/ deluge,dry w/ deluge,dry w/ deluge,41.4,,
7/26/21,42,3,amb,amb,amb,27.4,,
7/26/21,43,3,amb,amb,amb,16.5,,
7/26/21,44,2,amb w/ deluge,amb w/ deluge,amb w/ deluge,35.2,,
7/26/21,45,4,amb,amb,amb,16.7,,
7/26/21,47,4,amb,amb,amb,18.2,,
7/26/21,49,1,drought w/ deluge,dry w/ deluge,dry w/ deluge,22,,
7/26/21,50,4,amb,amb,amb,21.9,,
7/29/21,2,3,amb,amb,amb,24,,
7/29/21,3,1,drought w/ deluge,dry w/ deluge,dry w/ deluge,29.8,,
7/29/21,4,2,amb w/ deluge,amb w/ deluge,amb w/ deluge,37.5,,
7/29/21,5,1,drought w/ deluge,dry w/ deluge,dry w/ deluge,27.8,,
7/29/21,6,3,amb,amb,amb,33.3,,
7/29/21,9,3,amb,amb,amb,35.3,,
7/29/21,10,2,amb w/ deluge,amb w/ deluge,amb w/ deluge,27.9,,
7/29/21,11,2,amb w/ deluge,amb w/ deluge,amb w/ deluge,35.7,,
7/29/21,12,4,amb,amb,amb,29.1,,
7/29/21,13,2,amb w/ deluge,amb w/ deluge,amb w/ deluge,30.2,,
7/29/21,14,1,drought w/ deluge,dry w/ deluge,dry w/ deluge,39.5,,
7/29/21,15,1,drought w/ deluge,dry w/ deluge,dry w/ deluge,32.8,,
7/29/21,16,2,amb w/ deluge,amb w/ deluge,amb w/ deluge,37.1,,
7/29/21,18,3,amb,amb,amb,18.9,,
7/29/21,19,1,drought w/ deluge,dry w/ deluge,dry w/ deluge,33.9,,
7/29/21,20,2,amb w/ deluge,amb w/ deluge,amb w/ deluge,34.8,,
7/29/21,21,4,amb,amb,amb,29.6,,
7/29/21,22,1,drought w/ deluge,dry w/ deluge,dry w/ deluge,31.9,,
7/29/21,23,4,amb,amb,amb,26.7,,
7/29/21,24,2,amb w/ deluge,amb w/ deluge,amb w/ deluge,31.1,,
7/29/21,26,4,amb,amb,amb,23.1,,
7/29/21,28,3,amb,amb,amb,30.8,,
7/29/21,29,4,amb,amb,amb,25.9,,
7/29/21,30,2,amb w/ deluge,amb w/ deluge,amb w/ deluge,36.5,,
7/29/21,31,3,amb,amb,amb,18.7,,
7/29/21,32,4,amb,amb,amb,22.1,,
7/29/21,33,1,drought w/ deluge,dry w/ deluge,dry w/ deluge,29.8,,
7/29/21,34,3,amb,amb,amb,27.1,,
7/29/21,35,4,amb,amb,amb,22.1,,
7/29/21,37,2,amb w/ deluge,amb w/ deluge,amb w/ deluge,34.4,,
7/29/21,38,1,drought w/ deluge,dry w/ deluge,dry w/ deluge,34.1,,
7/29/21,39,3,amb,amb,amb,37.5,,
7/29/21,41,1,drought w/ deluge,dry w/ deluge,dry w/ deluge,27.9,,
7/29/21,42,3,amb,amb,amb,21.1,,
7/29/21,43,3,amb,amb,amb,22.6,,
7/29/21,44,2,amb w/ deluge,amb w/ deluge,amb w/ deluge,33.2,,
7/29/21,45,4,amb,amb,amb,14,,
7/29/21,47,4,amb,amb,amb,21.3,,
7/29/21,49,1,drought w/ deluge,dry w/ deluge,dry w/ deluge,28.4,,
7/29/21,50,4,amb,amb,amb,21.9,,
8/1/21,2,3,amb,amb,amb,22.8,,
8/1/21,3,1,drought w/ deluge,dry w/ deluge,dry w/ deluge,22.4,First reading was 5.9 but plot didn't look that dry,
8/1/21,4,2,amb w/ deluge,amb w/ deluge,amb w/ deluge,31.3,,
8/1/21,5,1,drought w/ deluge,dry w/ deluge,dry w/ deluge,23.1,,
8/1/21,6,3,amb,amb,amb,23.2,,
8/1/21,9,3,amb,amb,amb,22.4,,
8/1/21,10,2,amb w/ deluge,amb w/ deluge,amb w/ deluge,26,,
8/1/21,11,2,amb w/ deluge,amb w/ deluge,amb w/ deluge,32.5,,
8/1/21,12,4,amb,amb,amb,26.3,,
8/1/21,13,2,amb w/ deluge,amb w/ deluge,amb w/ deluge,31.1,,
8/1/21,14,1,drought w/ deluge,dry w/ deluge,dry w/ deluge,30.3,,
8/1/21,15,1,drought w/ deluge,dry w/ deluge,dry w/ deluge,28.5,,
8/1/21,16,2,amb w/ deluge,amb w/ deluge,amb w/ deluge,22.9,,
8/1/21,18,3,amb,amb,amb,20.8,,
8/1/21,19,1,drought w/ deluge,dry w/ deluge,dry w/ deluge,23.3,,
8/1/21,20,2,amb w/ deluge,amb w/ deluge,amb w/ deluge,29.1,,
8/1/21,21,4,amb,amb,amb,21.6,,
8/1/21,22,1,drought w/ deluge,dry w/ deluge,dry w/ deluge,25,,
8/1/21,23,4,amb,amb,amb,17.8,,
8/1/21,24,2,amb w/ deluge,amb w/ deluge,amb w/ deluge,18.3,,
8/1/21,26,4,amb,amb,amb,28.5,,
8/1/21,28,3,amb,amb,amb,34.4,,
8/1/21,29,4,amb,amb,amb,20,,
8/1/21,30,2,amb w/ deluge,amb w/ deluge,amb w/ deluge,37.4,,
8/1/21,31,3,amb,amb,amb,23.8,,
8/1/21,32,4,amb,amb,amb,23.9,,
8/1/21,33,1,drought w/ deluge,dry w/ deluge,dry w/ deluge,27.9,,
8/1/21,34,3,amb,amb,amb,23.3,,
8/1/21,35,4,amb,amb,amb,19.2,,
8/1/21,37,2,amb w/ deluge,amb w/ deluge,amb w/ deluge,36.5,,
8/1/21,38,1,drought w/ deluge,dry w/ deluge,dry w/ deluge,24.3,,
8/1/21,39,3,amb,amb,amb,33.1,,
8/1/21,41,1,drought w/ deluge,dry w/ deluge,dry w/ deluge,22.9,,
8/1/21,42,3,amb,amb,amb,23.6,,
8/1/21,43,3,amb,amb,amb,21.1,,
8/1/21,44,2,amb w/ deluge,amb w/ deluge,amb w/ deluge,29.9,,
8/1/21,45,4,amb,amb,amb,17.8,,
8/1/21,47,4,amb,amb,amb,21.9,,
8/1/21,49,1,drought w/ deluge,dry w/ deluge,dry w/ deluge,22.6,,
8/1/21,50,4,amb,amb,amb,26.2,,
8/5/21,2,3,amb,amb,amb,24.8,,
8/5/21,3,1,drought w/ deluge,dry w/ deluge,dry w/ deluge,32.9,,
8/5/21,4,2,amb w/ deluge,amb w/ deluge,amb w/ deluge,30.1,,
8/5/21,5,1,drought w/ deluge,dry w/ deluge,dry w/ deluge,21,first reading was 4.2,
8/5/21,6,3,amb,amb,amb,27.7,,
8/5/21,9,3,amb,amb,amb,20.1,,
8/5/21,10,2,amb w/ deluge,amb w/ deluge,amb w/ deluge,18.9,,
8/5/21,11,2,amb w/ deluge,amb w/ deluge,amb w/ deluge,30.6,,
8/5/21,12,4,amb,amb,amb,23.9,,
8/5/21,13,2,amb w/ deluge,amb w/ deluge,amb w/ deluge,20.8,,
8/5/21,14,1,drought w/ deluge,dry w/ deluge,dry w/ deluge,28.2,,
8/5/21,15,1,drought w/ deluge,dry w/ deluge,dry w/ deluge,24.3,,
8/5/21,16,2,amb w/ deluge,amb w/ deluge,amb w/ deluge,24.5,,
8/5/21,18,3,amb,amb,amb,15.9,,
8/5/21,19,1,drought w/ deluge,dry w/ deluge,dry w/ deluge,16.1,,
8/5/21,20,2,amb w/ deluge,amb w/ deluge,amb w/ deluge,29.3,,
8/5/21,21,4,amb,amb,amb,16.8,,
8/5/21,22,1,drought w/ deluge,dry w/ deluge,dry w/ deluge,24.5,,
8/5/21,23,4,amb,amb,amb,23.2,,
8/5/21,24,2,amb w/ deluge,amb w/ deluge,amb w/ deluge,29.1,,
8/5/21,26,4,amb,amb,amb,25.5,,
8/5/21,28,3,amb,amb,amb,28.1,,
8/5/21,29,4,amb,amb,amb,27.8,,
8/5/21,30,2,amb w/ deluge,amb w/ deluge,amb w/ deluge,27.2,,
8/5/21,31,3,amb,amb,amb,23.7,,
8/5/21,32,4,amb,amb,amb,24,,
8/5/21,33,1,drought w/ deluge,dry w/ deluge,dry w/ deluge,21.1,,
8/5/21,34,3,amb,amb,amb,24.3,,
8/5/21,35,4,amb,amb,amb,21.3,,
8/5/21,37,2,amb w/ deluge,amb w/ deluge,amb w/ deluge,27.7,,
8/5/21,38,1,drought w/ deluge,dry w/ deluge,dry w/ deluge,19.2,,
8/5/21,39,3,amb,amb,amb,25,"first reading wsa 5%, second was 0%, and third was 25%",
8/5/21,41,1,drought w/ deluge,dry w/ deluge,dry w/ deluge,24.2,,
8/5/21,42,3,amb,amb,amb,23.8,,
8/5/21,43,3,amb,amb,amb,21.3,,
8/5/21,44,2,amb w/ deluge,amb w/ deluge,amb w/ deluge,24.3,,
8/5/21,45,4,amb,amb,amb,10.2,,
8/5/21,47,4,amb,amb,amb,22.3,,
8/5/21,49,1,drought w/ deluge,dry w/ deluge,dry w/ deluge,29.9,,
8/5/21,50,4,amb,amb,amb,18.4,,
8/9/21,2,3,amb,amb,amb,19.6,,
8/9/21,3,1,drought w/ deluge,dry w/ deluge,dry w/ deluge,22.2,,
8/9/21,4,2,amb w/ deluge,amb w/ deluge,amb w/ deluge,27,,
8/9/21,5,1,drought w/ deluge,dry w/ deluge,dry w/ deluge,19.4,,
8/9/21,6,3,amb,amb,amb,18.2,,
8/9/21,9,3,amb,amb,amb,15.8,,
8/9/21,10,2,amb w/ deluge,amb w/ deluge,amb w/ deluge,23.9,,
8/9/21,11,2,amb w/ deluge,amb w/ deluge,amb w/ deluge,25.1,,
8/9/21,12,4,amb,amb,amb,20.4,,
8/9/21,13,2,amb w/ deluge,amb w/ deluge,amb w/ deluge,17.9,,
8/9/21,14,1,drought w/ deluge,dry w/ deluge,dry w/ deluge,27,,
8/9/21,15,1,drought w/ deluge,dry w/ deluge,dry w/ deluge,25,,
8/9/21,16,2,amb w/ deluge,amb w/ deluge,amb w/ deluge,19.1,,
8/9/21,18,3,amb,amb,amb,23.3,,
8/9/21,19,1,drought w/ deluge,dry w/ deluge,dry w/ deluge,19.7,,
8/9/21,20,2,amb w/ deluge,amb w/ deluge,amb w/ deluge,26.5,,
8/9/21,21,4,amb,amb,amb,20.2,,
8/9/21,22,1,drought w/ deluge,dry w/ deluge,dry w/ deluge,18.7,,
8/9/21,23,4,amb,amb,amb,25.8,,
8/9/21,24,2,amb w/ deluge,amb w/ deluge,amb w/ deluge,26.6,,
8/9/21,26,4,amb,amb,amb,26.6,,
8/9/21,28,3,amb,amb,amb,24.1,,
8/9/21,29,4,amb,amb,amb,21.1,,
8/9/21,30,2,amb w/ deluge,amb w/ deluge,amb w/ deluge,21.3,,
8/9/21,31,3,amb,amb,amb,18.1,,
8/9/21,32,4,amb,amb,amb,20,,
8/9/21,33,1,drought w/ deluge,dry w/ deluge,dry w/ deluge,16.1,,
8/9/21,34,3,amb,amb,amb,21.2,,
8/9/21,35,4,amb,amb,amb,18.5,,
8/9/21,37,2,amb w/ deluge,amb w/ deluge,amb w/ deluge,24.7,,
8/9/21,38,1,drought w/ deluge,dry w/ deluge,dry w/ deluge,18.7,,
8/9/21,39,3,amb,amb,amb,23.2,,
8/9/21,41,1,drought w/ deluge,dry w/ deluge,dry w/ deluge,17.9,,
8/9/21,42,3,amb,amb,amb,16.7,,
8/9/21,43,3,amb,amb,amb,17.7,,
8/9/21,44,2,amb w/ deluge,amb w/ deluge,amb w/ deluge,22.4,,
8/9/21,45,4,amb,amb,amb,14.5,,
8/9/21,47,4,amb,amb,amb,21.4,,
8/9/21,49,1,drought w/ deluge,dry w/ deluge,dry w/ deluge,18.3,,
8/9/21,50,4,amb,amb,amb,17.9,,
8/13/21,2,3,amb,amb,amb,21.9,,
8/13/21,3,1,drought w/ deluge,dry w/ deluge,dry w/ deluge,21,"first said 4.0%, maybe too close to PRS probes w/ soil that was dug up recently",
8/13/21,4,2,amb w/ deluge,amb w/ deluge,amb w/ deluge,19.3,,
8/13/21,5,1,drought w/ deluge,dry w/ deluge,dry w/ deluge,21.9,,
8/13/21,6,3,amb,amb,amb,20.7,,
8/13/21,9,3,amb,amb,amb,21.7,,
8/13/21,10,2,amb w/ deluge,amb w/ deluge,amb w/ deluge,18.5,,
8/13/21,11,2,amb w/ deluge,amb w/ deluge,amb w/ deluge,23.9,,
8/13/21,12,4,amb,amb,amb,21.2,,
8/13/21,13,2,amb w/ deluge,amb w/ deluge,amb w/ deluge,25.2,,
8/13/21,14,1,drought w/ deluge,dry w/ deluge,dry w/ deluge,21,,
8/13/21,15,1,drought w/ deluge,dry w/ deluge,dry w/ deluge,18.4,,
8/13/21,16,2,amb w/ deluge,amb w/ deluge,amb w/ deluge,26.7,,
8/13/21,18,3,amb,amb,amb,15.2,,
8/13/21,19,1,drought w/ deluge,dry w/ deluge,dry w/ deluge,20.2,,
8/13/21,20,2,amb w/ deluge,amb w/ deluge,amb w/ deluge,19.9,,
8/13/21,21,4,amb,amb,amb,20.4,,
8/13/21,22,1,drought w/ deluge,dry w/ deluge,dry w/ deluge,19.2,,
8/13/21,23,4,amb,amb,amb,23.8,,
8/13/21,24,2,amb w/ deluge,amb w/ deluge,amb w/ deluge,23.9,,
8/13/21,26,4,amb,amb,amb,19.9,,
8/13/21,28,3,amb,amb,amb,22.3,,
8/13/21,29,4,amb,amb,amb,20.1,,
8/13/21,30,2,amb w/ deluge,amb w/ deluge,amb w/ deluge,32.8,,
8/13/21,31,3,amb,amb,amb,16.8,,
8/13/21,32,4,amb,amb,amb,25,,
8/13/21,33,1,drought w/ deluge,dry w/ deluge,dry w/ deluge,20.3,,
8/13/21,34,3,amb,amb,amb,19.3,,
8/13/21,35,4,amb,amb,amb,20.2,,
8/13/21,37,2,amb w/ deluge,amb w/ deluge,amb w/ deluge,18,,
8/13/21,38,1,drought w/ deluge,dry w/ deluge,dry w/ deluge,17.8,,
8/13/21,39,3,amb,amb,amb,23.9,,
8/13/21,41,1,drought w/ deluge,dry w/ deluge,dry w/ deluge,24.5,,
8/13/21,42,3,amb,amb,amb,21.1,,
8/13/21,43,3,amb,amb,amb,15.4,,
8/13/21,44,2,amb w/ deluge,amb w/ deluge,amb w/ deluge,21.8,,
8/13/21,45,4,amb,amb,amb,13.3,,
8/13/21,47,4,amb,amb,amb,19.4,,
8/13/21,49,1,drought w/ deluge,dry w/ deluge,dry w/ deluge,12,,
8/13/21,50,4,amb,amb,amb,22,,
8/17/21,2,3,amb,amb,amb,13.5,,
8/17/21,3,1,drought w/ deluge,dry w/ deluge,dry w/ deluge,16.9,,
8/17/21,4,2,amb w/ deluge,amb w/ deluge,amb w/ deluge,23.6,,
8/17/21,5,1,drought w/ deluge,dry w/ deluge,dry w/ deluge,15.5,,
8/17/21,6,3,amb,amb,amb,22.2,,
8/17/21,9,3,amb,amb,amb,17.5,,
8/17/21,10,2,amb w/ deluge,amb w/ deluge,amb w/ deluge,24.6,,
8/17/21,11,2,amb w/ deluge,amb w/ deluge,amb w/ deluge,29.8,,
8/17/21,12,4,amb,amb,amb,15.2,,
8/17/21,13,2,amb w/ deluge,amb w/ deluge,amb w/ deluge,17,,
8/17/21,14,1,drought w/ deluge,dry w/ deluge,dry w/ deluge,25.4,,
8/17/21,15,1,drought w/ deluge,dry w/ deluge,dry w/ deluge,21.6,,
8/17/21,16,2,amb w/ deluge,amb w/ deluge,amb w/ deluge,26.2,,
8/17/21,18,3,amb,amb,amb,17.2,,
8/17/21,19,1,drought w/ deluge,dry w/ deluge,dry w/ deluge,18.7,,
8/17/21,20,2,amb w/ deluge,amb w/ deluge,amb w/ deluge,21.9,,
8/17/21,21,4,amb,amb,amb,17.2,,
8/17/21,22,1,drought w/ deluge,dry w/ deluge,dry w/ deluge,17.5,Moved once for rocks,
8/17/21,23,4,amb,amb,amb,20.9,,
8/17/21,24,2,amb w/ deluge,amb w/ deluge,amb w/ deluge,23.4,,
8/17/21,26,4,amb,amb,amb,23.1,,
8/17/21,28,3,amb,amb,amb,24.3,,
8/17/21,29,4,amb,amb,amb,20.8,,
8/17/21,30,2,amb w/ deluge,amb w/ deluge,amb w/ deluge,24.7,,
8/17/21,31,3,amb,amb,amb,24.2,,
8/17/21,32,4,amb,amb,amb,18.5,,
8/17/21,33,1,drought w/ deluge,dry w/ deluge,dry w/ deluge,15.8,,
8/17/21,34,3,amb,amb,amb,24.1,,
8/17/21,35,4,amb,amb,amb,17.5,,
8/17/21,37,2,amb w/ deluge,amb w/ deluge,amb w/ deluge,19.2,,
8/17/21,38,1,drought w/ deluge,dry w/ deluge,dry w/ deluge,17.9,,
8/17/21,39,3,amb,amb,amb,16.7,,
8/17/21,41,1,drought w/ deluge,dry w/ deluge,dry w/ deluge,20.5,,
8/17/21,42,3,amb,amb,amb,17.1,,
8/17/21,43,3,amb,amb,amb,16,,
8/17/21,44,2,amb w/ deluge,amb w/ deluge,amb w/ deluge,20,,
8/17/21,45,4,amb,amb,amb,13.3,,
8/17/21,47,4,amb,amb,amb,19.7,,
8/17/21,49,1,drought w/ deluge,dry w/ deluge,dry w/ deluge,21.8,,
8/17/21,50,4,amb,amb,amb,20.6,,
8/20/21,2,3,amb,amb,amb,19.5,,QAQC up to this date KVC 11/7/2024
8/20/21,3,1,drought w/ deluge,dry w/ deluge,dry w/ deluge,14.7,,
8/20/21,4,2,amb w/ deluge,amb w/ deluge,amb w/ deluge,23.6,,
8/20/21,5,1,drought w/ deluge,dry w/ deluge,dry w/ deluge,24.4,,
8/20/21,6,3,amb,amb,amb,29.3,,
8/20/21,9,3,amb,amb,amb,23,,
8/20/21,10,2,amb w/ deluge,amb w/ deluge,amb w/ deluge,21.6,,
8/20/21,11,2,amb w/ deluge,amb w/ deluge,amb w/ deluge,21.4,,
8/20/21,12,4,amb,amb,amb,20.9,,
8/20/21,13,2,amb w/ deluge,amb w/ deluge,amb w/ deluge,13.2,,
8/20/21,14,1,drought w/ deluge,dry w/ deluge,dry w/ deluge,23.9,,
8/20/21,15,1,drought w/ deluge,dry w/ deluge,dry w/ deluge,20.2,,
8/20/21,16,2,amb w/ deluge,amb w/ deluge,amb w/ deluge,24.2,,
8/20/21,18,3,amb,amb,amb,18.3,,
8/20/21,19,1,drought w/ deluge,dry w/ deluge,dry w/ deluge,15.4,,
8/20/21,20,2,amb w/ deluge,amb w/ deluge,amb w/ deluge,25,,
8/20/21,21,4,amb,amb,amb,21.3,,
8/20/21,22,1,drought w/ deluge,dry w/ deluge,dry w/ deluge,16.2,,
8/20/21,23,4,amb,amb,amb,26.7,,
8/20/21,24,2,amb w/ deluge,amb w/ deluge,amb w/ deluge,25.8,,
8/20/21,26,4,amb,amb,amb,26.3,,
8/20/21,28,3,amb,amb,amb,30.3,,
8/20/21,29,4,amb,amb,amb,23.6,,
8/20/21,30,2,amb w/ deluge,amb w/ deluge,amb w/ deluge,31.6,,
8/20/21,31,3,amb,amb,amb,20.9,,
8/20/21,32,4,amb,amb,amb,22.2,,
8/20/21,33,1,drought w/ deluge,dry w/ deluge,dry w/ deluge,21.7,,
8/20/21,34,3,amb,amb,amb,18.8,,
8/20/21,35,4,amb,amb,amb,15.6,,
8/20/21,37,2,amb w/ deluge,amb w/ deluge,amb w/ deluge,21.9,,
8/20/21,38,1,drought w/ deluge,dry w/ deluge,dry w/ deluge,14.6,,
8/20/21,39,3,amb,amb,amb,26.7,,
8/20/21,41,1,drought w/ deluge,dry w/ deluge,dry w/ deluge,21.3,,
8/20/21,42,3,amb,amb,amb,21.9,,
8/20/21,43,3,amb,amb,amb,20,,
8/20/21,44,2,amb w/ deluge,amb w/ deluge,amb w/ deluge,20.9,,
8/20/21,45,4,amb,amb,amb,16.1,,
8/20/21,47,4,amb,amb,amb,16.2,,
8/20/21,49,1,drought w/ deluge,dry w/ deluge,dry w/ deluge,18.8,,
8/20/21,50,4,amb,amb,amb,19.3,,
8/23/21,2,3,amb,amb,amb,18.5,,
8/23/21,3,1,drought w/ deluge,dry w/ deluge,dry w/ deluge,12.4,,
8/23/21,4,2,amb w/ deluge,amb w/ deluge,amb w/ deluge,22.8,,
8/23/21,5,1,drought w/ deluge,dry w/ deluge,dry w/ deluge,19.1,,
8/23/21,6,3,amb,amb,amb,22.1,,
8/23/21,9,3,amb,amb,amb,22.9,,
8/23/21,10,2,amb w/ deluge,amb w/ deluge,amb w/ deluge,21.8,,
8/23/21,11,2,amb w/ deluge,amb w/ deluge,amb w/ deluge,24.4,,
8/23/21,12,4,amb,amb,amb,21.1,,
8/23/21,13,2,amb w/ deluge,amb w/ deluge,amb w/ deluge,17.6,,
8/23/21,14,1,drought w/ deluge,dry w/ deluge,dry w/ deluge,26.6,,
8/23/21,15,1,drought w/ deluge,dry w/ deluge,dry w/ deluge,18.5,,
8/23/21,16,2,amb w/ deluge,amb w/ deluge,amb w/ deluge,21.7,,
8/23/21,18,3,amb,amb,amb,18.5,,
8/23/21,19,1,drought w/ deluge,dry w/ deluge,dry w/ deluge,15.5,,
8/23/21,20,2,amb w/ deluge,amb w/ deluge,amb w/ deluge,22.1,,
8/23/21,21,4,amb,amb,amb,18.8,,
8/23/21,22,1,drought w/ deluge,dry w/ deluge,dry w/ deluge,15.9,,
8/23/21,23,4,amb,amb,amb,27.8,,
8/23/21,24,2,amb w/ deluge,amb w/ deluge,amb w/ deluge,16.5,,
8/23/21,26,4,amb,amb,amb,26.2,,
8/23/21,28,3,amb,amb,amb,19.9,,
8/23/21,29,4,amb,amb,amb,16.8,,
8/23/21,30,2,amb w/ deluge,amb w/ deluge,amb w/ deluge,18.9,,
8/23/21,31,3,amb,amb,amb,19.4,,
8/23/21,32,4,amb,amb,amb,17.5,,
8/23/21,33,1,drought w/ deluge,dry w/ deluge,dry w/ deluge,21.1,,
8/23/21,34,3,amb,amb,amb,24.3,,
8/23/21,35,4,amb,amb,amb,19.1,,
8/23/21,37,2,amb w/ deluge,amb w/ deluge,amb w/ deluge,22.1,,
8/23/21,38,1,drought w/ deluge,dry w/ deluge,dry w/ deluge,16.3,,
8/23/21,39,3,amb,amb,amb,23.4,,
8/23/21,41,1,drought w/ deluge,dry w/ deluge,dry w/ deluge,23.1,,
8/23/21,42,3,amb,amb,amb,16.9,,
8/23/21,43,3,amb,amb,amb,12.5,,
8/23/21,44,2,amb w/ deluge,amb w/ deluge,amb w/ deluge,18.9,,
8/23/21,45,4,amb,amb,amb,15.5,,
8/23/21,47,4,amb,amb,amb,19.8,,
8/23/21,49,1,drought w/ deluge,dry w/ deluge,dry w/ deluge,21.3,,
8/23/21,50,4,amb,amb,amb,23,,
8/29/21,2,3,amb,amb,amb,22.1,,
8/29/21,3,1,drought w/ deluge,dry w/ deluge,dry w/ deluge,17.4,,
8/29/21,4,2,amb w/ deluge,amb w/ deluge,amb w/ deluge,17.5,,
8/29/21,5,1,drought w/ deluge,dry w/ deluge,dry w/ deluge,18.7,,
8/29/21,6,3,amb,amb,amb,19.2,,
8/29/21,9,3,amb,amb,amb,22.5,,
8/29/21,10,2,amb w/ deluge,amb w/ deluge,amb w/ deluge,18.6,,
8/29/21,11,2,amb w/ deluge,amb w/ deluge,amb w/ deluge,23.5,,
8/29/21,12,4,amb,amb,amb,24.8,,
8/29/21,13,2,amb w/ deluge,amb w/ deluge,amb w/ deluge,24.1,,
8/29/21,14,1,drought w/ deluge,dry w/ deluge,dry w/ deluge,24.9,,
8/29/21,15,1,drought w/ deluge,dry w/ deluge,dry w/ deluge,13.9,,
8/29/21,16,2,amb w/ deluge,amb w/ deluge,amb w/ deluge,26,,
8/29/21,18,3,amb,amb,amb,19.9,,
8/29/21,19,1,drought w/ deluge,dry w/ deluge,dry w/ deluge,18.3,,
8/29/21,20,2,amb w/ deluge,amb w/ deluge,amb w/ deluge,20.4,,
8/29/21,21,4,amb,amb,amb,15.3,,
8/29/21,22,1,drought w/ deluge,dry w/ deluge,dry w/ deluge,15.7,,
8/29/21,23,4,amb,amb,amb,21.3,,
8/29/21,24,2,amb w/ deluge,amb w/ deluge,amb w/ deluge,16.6,,
8/29/21,26,4,amb,amb,amb,23.4,,
8/29/21,28,3,amb,amb,amb,16.5,,
8/29/21,29,4,amb,amb,amb,19.9,,
8/29/21,30,2,amb w/ deluge,amb w/ deluge,amb w/ deluge,13.5,,
8/29/21,31,3,amb,amb,amb,19.7,,
8/29/21,32,4,amb,amb,amb,18.9,,
8/29/21,33,1,drought w/ deluge,dry w/ deluge,dry w/ deluge,16.6,,
8/29/21,34,3,amb,amb,amb,18.4,,
8/29/21,35,4,amb,amb,amb,16.1,,
8/29/21,37,2,amb w/ deluge,amb w/ deluge,amb w/ deluge,17.6,,
8/29/21,38,1,drought w/ deluge,dry w/ deluge,dry w/ deluge,18.1,,
8/29/21,39,3,amb,amb,amb,23.2,,
8/29/21,41,1,drought w/ deluge,dry w/ deluge,dry w/ deluge,26.6,,
8/29/21,42,3,amb,amb,amb,17.5,,
8/29/21,43,3,amb,amb,amb,15.2,,
8/29/21,44,2,amb w/ deluge,amb w/ deluge,amb w/ deluge,18.9,,
8/29/21,45,4,amb,amb,amb,14.3,,
8/29/21,47,4,amb,amb,amb,19.9,,
8/29/21,49,1,drought w/ deluge,dry w/ deluge,dry w/ deluge,19.8,,
8/29/21,50,4,amb,amb,amb,19.8,,
9/6/21,2,3,amb,amb,amb,20.7,,
9/6/21,3,1,drought w/ deluge,dry w/ deluge,dry w/ deluge,8.2,First read 4.8,
9/6/21,4,2,amb w/ deluge,amb w/ deluge,amb w/ deluge,18.8,,
9/6/21,5,1,drought w/ deluge,dry w/ deluge,dry w/ deluge,16.3,,
9/6/21,6,3,amb,amb,amb,18.9,,
9/6/21,9,3,amb,amb,amb,17.5,,
9/6/21,10,2,amb w/ deluge,amb w/ deluge,amb w/ deluge,19.9,,
9/6/21,11,2,amb w/ deluge,amb w/ deluge,amb w/ deluge,23.9,,
9/6/21,12,4,amb,amb,amb,25.5,,
9/6/21,13,2,amb w/ deluge,amb w/ deluge,amb w/ deluge,20.7,,
9/6/21,14,1,drought w/ deluge,dry w/ deluge,dry w/ deluge,24.5,,
9/6/21,15,1,drought w/ deluge,dry w/ deluge,dry w/ deluge,16.5,,
9/6/21,16,2,amb w/ deluge,amb w/ deluge,amb w/ deluge,22.9,,
9/6/21,18,3,amb,amb,amb,18.7,,
9/6/21,19,1,drought w/ deluge,dry w/ deluge,dry w/ deluge,14.3,,
9/6/21,20,2,amb w/ deluge,amb w/ deluge,amb w/ deluge,19.9,,
9/6/21,21,4,amb,amb,amb,15.7,,
9/6/21,22,1,drought w/ deluge,dry w/ deluge,dry w/ deluge,16.3,,
9/6/21,23,4,amb,amb,amb,19.8,,
9/6/21,24,2,amb w/ deluge,amb w/ deluge,amb w/ deluge,19.3,,
9/6/21,26,4,amb,amb,amb,17.2,,
9/6/21,28,3,amb,amb,amb,19.3,,
9/6/21,29,4,amb,amb,amb,17.2,,
9/6/21,30,2,amb w/ deluge,amb w/ deluge,amb w/ deluge,22.1,,
9/6/21,31,3,amb,amb,amb,17.4,,
9/6/21,32,4,amb,amb,amb,19.9,,
9/6/21,33,1,drought w/ deluge,dry w/ deluge,dry w/ deluge,14.9,,
9/6/21,34,3,amb,amb,amb,17.6,,
9/6/21,35,4,amb,amb,amb,11.9,,
9/6/21,37,2,amb w/ deluge,amb w/ deluge,amb w/ deluge,15.9,,
9/6/21,38,1,drought w/ deluge,dry w/ deluge,dry w/ deluge,16.7,,
9/6/21,39,3,amb,amb,amb,25.2,,
9/6/21,41,1,drought w/ deluge,dry w/ deluge,dry w/ deluge,20.6,,
9/6/21,42,3,amb,amb,amb,15.1,,
9/6/21,43,3,amb,amb,amb,13,,
9/6/21,44,2,amb w/ deluge,amb w/ deluge,amb w/ deluge,15.9,,
9/6/21,45,4,amb,amb,amb,14.5,,
9/6/21,47,4,amb,amb,amb,16.2,,
9/6/21,49,1,drought w/ deluge,dry w/ deluge,dry w/ deluge,21.4,,
9/6/21,50,4,amb,amb,amb,20.2,,